Query;Target;Score
ATGCTTTTGAGTAAGGAGAT--ATTGCCCTCATTAATAGCATC---GT----CTGCATTAACAAA;ATTCATGCCGGTGCGCAGGTCAAATG----CATGAAT-GC-TCCGGGTAGAAC-GCAGT--CTCT;20.0
ATGC-TTTTGAGTAAGGAGAT--ATTGCCCTCATTAATAGCATC---GT----CTGCATTAACAAA;ATTCATGCCG-GTGCGCAGGTCAAATG----CATGAAT-GC-TCCGGGTAGAAC-GCAGT--CTCT;20.0
ATGCTT-TTGAGTAAGGAGAT--ATTGCCCTCATTAATAGCATC---GT----CTGCATTAACAAA;ATTCATGCCG-GTGCGCAGGTCAAATG----CATGAAT-GC-TCCGGGTAGAAC-GCAGT--CTCT;20.0
ATGCTTT-TGAGTAAGGAGAT--ATTGCCCTCATTAATAGCATC---GT----CTGCATTAACAAA;ATTCATGCCG-GTGCGCAGGTCAAATG----CATGAAT-GC-TCCGGGTAGAAC-GCAGT--CTCT;20.0
ATGCTTTT-GAGTAAGGAGAT--ATTGCCCTCATTAATAGCATC---GT----CTGCATTAACAAA;ATTCATGCCG-GTGCGCAGGTCAAATG----CATGAAT-GC-TCCGGGTAGAAC-GCAGT--CTCT;20.0
ATGCTTTTGAGTAAGGAGAT--ATTGCCCTCATTAATAGCATC---GT----CTGCATTAACAAA;ATTCATGCCGGTGCGCAGGTCAAATGC----ATGAAT-GC-TCCGGGTAGAAC-GCAGT--CTCT;20.0
ATGC-TTTTGAGTAAGGAGAT--ATTGCCCTCATTAATAGCATC---GT----CTGCATTAACAAA;ATTCATGCCG-GTGCGCAGGTCAAATGC----ATGAAT-GC-TCCGGGTAGAAC-GCAGT--CTCT;20.0
ATGCTT-TTGAGTAAGGAGAT--ATTGCCCTCATTAATAGCATC---GT----CTGCATTAACAAA;ATTCATGCCG-GTGCGCAGGTCAAATGC----ATGAAT-GC-TCCGGGTAGAAC-GCAGT--CTCT;20.0
ATGCTTT-TGAGTAAGGAGAT--ATTGCCCTCATTAATAGCATC---GT----CTGCATTAACAAA;ATTCATGCCG-GTGCGCAGGTCAAATGC----ATGAAT-GC-TCCGGGTAGAAC-GCAGT--CTCT;20.0
ATGCTTTT-GAGTAAGGAGAT--ATTGCCCTCATTAATAGCATC---GT----CTGCATTAACAAA;ATTCATGCCG-GTGCGCAGGTCAAATGC----ATGAAT-GC-TCCGGGTAGAAC-GCAGT--CTCT;20.0
ATGCTTTTGAGTAAGGAGAT--ATTGCCCTCATTAATAGCATC---GT----CTGCATTAACAAA;ATTCATGCCGGTGCGCAGGTCAAATG----CATGAAT-GC-TCCGGGTAGAAC-GCAGTCTC--T;20.0
ATGC-TTTTGAGTAAGGAGAT--ATTGCCCTCATTAATAGCATC---GT----CTGCATTAACAAA;ATTCATGCCG-GTGCGCAGGTCAAATG----CATGAAT-GC-TCCGGGTAGAAC-GCAGTCTC--T;20.0
ATGCTT-TTGAGTAAGGAGAT--ATTGCCCTCATTAATAGCATC---GT----CTGCATTAACAAA;ATTCATGCCG-GTGCGCAGGTCAAATG----CATGAAT-GC-TCCGGGTAGAAC-GCAGTCTC--T;20.0
ATGCTTT-TGAGTAAGGAGAT--ATTGCCCTCATTAATAGCATC---GT----CTGCATTAACAAA;ATTCATGCCG-GTGCGCAGGTCAAATG----CATGAAT-GC-TCCGGGTAGAAC-GCAGTCTC--T;20.0
ATGCTTTT-GAGTAAGGAGAT--ATTGCCCTCATTAATAGCATC---GT----CTGCATTAACAAA;ATTCATGCCG-GTGCGCAGGTCAAATG----CATGAAT-GC-TCCGGGTAGAAC-GCAGTCTC--T;20.0
ATGCTTTTGAGTAAGGAGAT--ATTGCCCTCATTAATAGCATC---GT----CTGCATTAACAAA;ATTCATGCCGGTGCGCAGGTCAAATGC----ATGAAT-GC-TCCGGGTAGAAC-GCAGTCTC--T;20.0
ATGC-TTTTGAGTAAGGAGAT--ATTGCCCTCATTAATAGCATC---GT----CTGCATTAACAAA;ATTCATGCCG-GTGCGCAGGTCAAATGC----ATGAAT-GC-TCCGGGTAGAAC-GCAGTCTC--T;20.0
ATGCTT-TTGAGTAAGGAGAT--ATTGCCCTCATTAATAGCATC---GT----CTGCATTAACAAA;ATTCATGCCG-GTGCGCAGGTCAAATGC----ATGAAT-GC-TCCGGGTAGAAC-GCAGTCTC--T;20.0
ATGCTTT-TGAGTAAGGAGAT--ATTGCCCTCATTAATAGCATC---GT----CTGCATTAACAAA;ATTCATGCCG-GTGCGCAGGTCAAATGC----ATGAAT-GC-TCCGGGTAGAAC-GCAGTCTC--T;20.0
ATGCTTTT-GAGTAAGGAGAT--ATTGCCCTCATTAATAGCATC---GT----CTGCATTAACAAA;ATTCATGCCG-GTGCGCAGGTCAAATGC----ATGAAT-GC-TCCGGGTAGAAC-GCAGTCTC--T;20.0
ATGCTTTTGAGTAAGGAGAT--ATTGCCCTCATTAATAGCATC---GT----CTGCATTAACAAA;ATTCATGCCGGTGCGCAGGTCAAATG----CATGAAT-GC-TCCGGGTAGAAC-GCAGTCTCT--;20.0
ATGC-TTTTGAGTAAGGAGAT--ATTGCCCTCATTAATAGCATC---GT----CTGCATTAACAAA;ATTCATGCCG-GTGCGCAGGTCAAATG----CATGAAT-GC-TCCGGGTAGAAC-GCAGTCTCT--;20.0
ATGCTT-TTGAGTAAGGAGAT--ATTGCCCTCATTAATAGCATC---GT----CTGCATTAACAAA;ATTCATGCCG-GTGCGCAGGTCAAATG----CATGAAT-GC-TCCGGGTAGAAC-GCAGTCTCT--;20.0
ATGCTTT-TGAGTAAGGAGAT--ATTGCCCTCATTAATAGCATC---GT----CTGCATTAACAAA;ATTCATGCCG-GTGCGCAGGTCAAATG----CATGAAT-GC-TCCGGGTAGAAC-GCAGTCTCT--;20.0
ATGCTTTT-GAGTAAGGAGAT--ATTGCCCTCATTAATAGCATC---GT----CTGCATTAACAAA;ATTCATGCCG-GTGCGCAGGTCAAATG----CATGAAT-GC-TCCGGGTAGAAC-GCAGTCTCT--;20.0
ATGCTTTTGAGTAAGGAGAT--ATTGCCCTCATTAATAGCATC---GT----CTGCATTAACAAA;ATTCATGCCGGTGCGCAGGTCAAATGC----ATGAAT-GC-TCCGGGTAGAAC-GCAGTCTCT--;20.0
ATGC-TTTTGAGTAAGGAGAT--ATTGCCCTCATTAATAGCATC---GT----CTGCATTAACAAA;ATTCATGCCG-GTGCGCAGGTCAAATGC----ATGAAT-GC-TCCGGGTAGAAC-GCAGTCTCT--;20.0
ATGCTT-TTGAGTAAGGAGAT--ATTGCCCTCATTAATAGCATC---GT----CTGCATTAACAAA;ATTCATGCCG-GTGCGCAGGTCAAATGC----ATGAAT-GC-TCCGGGTAGAAC-GCAGTCTCT--;20.0
ATGCTTT-TGAGTAAGGAGAT--ATTGCCCTCATTAATAGCATC---GT----CTGCATTAACAAA;ATTCATGCCG-GTGCGCAGGTCAAATGC----ATGAAT-GC-TCCGGGTAGAAC-GCAGTCTCT--;20.0
ATGCTTTT-GAGTAAGGAGAT--ATTGCCCTCATTAATAGCATC---GT----CTGCATTAACAAA;ATTCATGCCG-GTGCGCAGGTCAAATGC----ATGAAT-GC-TCCGGGTAGAAC-GCAGTCTCT--;20.0
